{
  "project_info": {
    "project_number": "551641425016",
    "firebase_url": "https://bookaholic-82677-default-rtdb.firebaseio.com",
    "project_id": "bookaholic-82677",
    "storage_bucket": "bookaholic-82677.appspot.com"
  },
  "client": [
    {
      "client_info": {
        "mobilesdk_app_id": "1:551641425016:android:edaca2ddf176f7f21d798d",
        "android_client_info": {
          "package_name": "com.example.bookaholic"
        }
      },
      "oauth_client": [
        {
          "client_id": "551641425016-gibkarlhgbsotjmf2ssi5fodkhtit8p1.apps.googleusercontent.com",
          "client_type": 3
        }
      ],
      "api_key": [
        {
          "current_key": "AIzaSyBuO917C6sbm2gZHFurn5eu-gqkps5G7ps"
        }
      ],
      "services": {
        "appinvite_service": {
          "other_platform_oauth_client": [
            {
              "client_id": "551641425016-gibkarlhgbsotjmf2ssi5fodkhtit8p1.apps.googleusercontent.com",
              "client_type": 3
            }
          ]
        }
      }
    }
  ],
  "configuration_version": "1"
}